이름,가격
[딜]코브라 핸디안마기&KFAD 맑은숨 마스크 모음,"19,900원"
비말차단마스크 50매(KF-AD) 마스크 국산 덴탈마스크,"4,900원"
국내생산 3중필터 이어밴드 마스크 50매/100매/200매,"3,900원"
휴대용 마스크 보관 케이스 보관함 스트랩 목걸이세트,"1,950원"
엄마가찾는그3d마스크 8~13세용 kf80 소형마스크,"32,500원"
리르 마스크존 하이드로겔 마스크팩 10매/피부진정팩,"11,000원"
엄마가찾는그3d마스크 1~3세용 새부리형 유아마스크,"8,200원"
새부리형 마스크 KF80 120매 대형 화이트 개별포장,"34,900원"
KC인증 어린이 마스크 10매X5봉 50매 /소형 유아,"11,800원"
[바이빠세] 하이드레이팅 립밤 4.8g (2개입) X 2개,"8,900원"
[딜]KF94 황사방역용 마스크 대형 화이트 100매 국내 생산,"19,900원"
쉬폰 스카프 마스크 3개세트,"10,900원"
[싼딜]페이스팩토리 뷰티 디바이스 外 모음전,"9,900원"
[포멀비x메디홈] 방역 세트 (KF94 마스크 30P+마스크가드 4P+손소독제 세트),"26,900원"
[유한킴벌리] 크리넥스 마스크 KF80/KF94 모음,600원
마스크 모음 아에르/서울/네오메디컬/큐시스 외,800원
차량용 마스크 보관함 휴지케이스 선바이저 클립,"11,900원"
3M 황사-미세먼지 마스크 KF80/94 10매 특가 모음전,"7,900원"
베스킵 새부리형 KF-AD비말차단 마스크 국산MB 모음전,"6,600원"
국산 KF94 황사 방역마스크 대형 100매,"29,900원"
국산 KF94 황사 방역마스크 대형 50매,"16,900원"
국산 KF94 황사 방역마스크 대형,290원
KF94 비티 황사 보건용 마스크 100매(대형) 비말차단,"20,800원"
[국산 마스크] 패션향균 마스크/세척가능(4종1묶음),"9,900원"
롯데 말랑이 마스크/MB필터/블랙/소형 (10매*5박스),"9,500원"
구디즈 KF94 어린이용 마스크 30매(소형) 새부리형,"18,900원"
KF94 보건용 마스크 100매 대/중/소 개별포장 국내산,"58,000원"
KF94 보건용 마스크 50매 대/중/소형 개별포장 국내산,"29,000원"
김서림 방지 안경 클리너 미라클 2개 1셋트,"11,600원"
바바파파 마스크스트랩,"2,900원"
국산 MB필터 KF94 황사마스크 대형 30매,"6,270원"
국산 MB필터 KF94 황사마스크 대형 100매 200매,"17,900원"
루데아 리프팅밴드/브이밴드 외 3종 균일가,"9,900원"
셀로긴 KF-94 지스타 황사 마스크 1매 블랙 화이트,390원
국산 숨쉬고 KF80 50매 유아용 마스크 초소형 어린이,"26,900원"
셀로긴 KF94 지스타 황사 방역용 마스크 25매 블랙,"9,900원"
[딜★] 마스크 KF94 KF80 KFAD 비말차단 모음전,350원
국산] 크린 플러스 MB 3중필터 일회용 마스크 x 200매,"16,000원"
국산] 크린 플러스 MB 3중필터 일회용 마스크 x 100매,"8,500원"
국산 KF80 마스크 100매 화이트 대형 방역 보건용,"34,900원"
